GmailWebPage_NavigateToGmail_GmailPageIsOpened, Author: George
GmailWebPage_NavigateToGmail_GmailPageIsOpened, Author: George
AmazonWebPage_NavigateToAmazon_GmailPageIsOpened, Author: Michael
GmailWebPage_NavigateToGmail_GmailPageIsOpened, Author: George
GmailWebPage_NavigateToGmail_GmailPageIsOpened, Author: George
GmailWebPage_NavigateToGmail_GmailPageIsOpened, Author: George
AmazonWebPage_NavigateToAmazon_GmailPageIsOpened, Author: Michael
AmazonWebPage_NavigateToAmazon_GmailPageIsOpened, Author: Michael
AmazonWebPage_NavigateToAmazon_GmailPageIsOpened, Author: Michael
FacebbokWebPage_NavigateToAmazon_FacebbokPageIsOpened, Author: Larry
AmazonWebPage_NavigateToAmazon_GmailPageIsOpened, Author: Michael
AmazonWebPage_NavigateToAmazon_GmailPageIsOpened, Author: Michael
AmazonWebPage_NavigateToAmazon_GmailPageIsOpened, Author: Michael
FacebbokWebPage_NavigateToAmazon_FacebbokPageIsOpened, Author: Larry
AmazonWebPage_NavigateToAmazon_GmailPageIsOpened, Author: Michael
AmazonWebPage_NavigateToAmazon_GmailPageIsOpened, Author: Michael
FacebbokWebPage_NavigateToAmazon_FacebbokPageIsOpened, Author: Larry
